x_coord	y_coord	Weight	DeliveryTimeRange	UnloadingTime
65.60988651856856	20.975422093482756	34.10898000561227	01:48-06:44	10
88.26666449873065	43.39375991876867	30.85224710198954	05:43-11:46	10
28.50789329911949	87.30883828353988	8.245262711494156	04:13-10:50	10
6.286822060902486	77.13497601349317	0	00:00-24:00	0